sectionid,sectiontitle,firstfield,nextnode
valuation,valuation,valuationBracket,revenue-growth
revenue-growth,revenue growth,expectedGrowth,net-result
net-result,net result (net profit/loss),profitTimeline,opex
opex,opex,projectedOpex,burn-rate
burn-rate,burn rate,runwayBurnRate,liquidity
liquidity,liquidity,estimatedCurrentRatio,cash-runway
cash-runway,cash runway,estimatedRunway,debt-management
debt-management,debt management,financingHistory,operational-efficiency
operational-efficiency,operational efficiency,arTurnover,tax-efficiency
tax-efficiency,tax efficiency,taxRate,